alg	FN	CN	FNxCN	Psig	PALTsig	OR>1	ORsig	Psig&ORsig	PALTsig&ORsig	FEsig	Psig&ORsig&FEsig	EnrichedComs(%)	p.value
lourvain	62	18	1116	92	13	338	82	76	0	62	35	6.81003584229391	1.93320425912161e-27
lourvain_2	62	25	1550	114	13	426	121	98	0	187	65	6.32258064516129	4.80750881392265e-38
fc	62	16	992	72	14	279	66	58	0	49	18	5.84677419354839	2.4048286439926e-11
fc_2	62	49	3038	151	8	571	190	140	0	366	107	4.60829493087558	1.27986670347325e-71
sgG1	62	32	1984	97	9	391	96	83	0	130	38	4.18346774193548	1.10685214884568e-24
sgG1_2	62	44	2728	119	12	462	137	106	0	231	65	3.88563049853372	1.31624604054864e-44
Spectral_12	62	50	3100	127	4	694	187	120	0	624	101	3.87096774193548	5.72746764220839e-51
Spectral_3	62	111	6882	168	1	776	269	160	0	432	89	2.324905550712	8.44717443103475e-66
